{"lr": 0.0019819639278557113, "data_time": 0.02073770046234131, "loss": 0.22554579466581345, "loss_rpn_cls": 0.006962216654792428, "loss_rpn_bbox": 0.007532522003166378, "loss_cls": 0.09777698419988155, "acc": 97.09821319580078, "loss_bbox": 0.11327407106757165, "time": 74.45261073589324, "epoch": 1, "iter": 50, "step": 50}
