{"lr": 0.0019819639278557113, "data_time": 0.024172720909118654, "loss": 0.22792658984661102, "loss_rpn_cls": 0.007959015388041734, "loss_rpn_bbox": 0.008630195623263717, "loss_cls": 0.10012011758983136, "acc": 96.73548889160156, "loss_bbox": 0.11121726095676422, "time": 79.01035289764404, "epoch": 1, "iter": 50, "step": 50}
{"lr": 0.0039839679358717435, "data_time": 0.013594918251037598, "loss": 0.22293061167001724, "loss_rpn_cls": 0.006582777086878195, "loss_rpn_bbox": 0.007592728021554649, "loss_cls": 0.09877282105386258, "acc": 97.71205139160156, "loss_bbox": 0.10998228624463081, "time": 77.13090038776397, "epoch": 1, "iter": 100, "step": 100}
{"lr": 0.005985971943887774, "data_time": 0.017744269371032715, "loss": 0.21612525790929793, "loss_rpn_cls": 0.007440409823320806, "loss_rpn_bbox": 0.007940338933840394, "loss_cls": 0.09476379416882992, "acc": 95.34040069580078, "loss_bbox": 0.10598071426153183, "time": 77.864564743042, "epoch": 1, "iter": 150, "step": 150}
{"lr": 0.007987975951903804, "data_time": 0.01650421142578125, "loss": 0.20825030237436296, "loss_rpn_cls": 0.0060722589120268825, "loss_rpn_bbox": 0.007089702803641558, "loss_cls": 0.094331279322505, "acc": 97.04241180419922, "loss_bbox": 0.10075706034898758, "time": 73.3877164888382, "epoch": 1, "iter": 200, "step": 200}
{"lr": 0.009989979959919832, "data_time": 0.01693592071533203, "loss": 0.21115441501140594, "loss_rpn_cls": 0.006154818718787283, "loss_rpn_bbox": 0.0076107712648808955, "loss_cls": 0.09305407918989658, "acc": 96.6796875, "loss_bbox": 0.10433474741876125, "time": 76.85939081192016, "epoch": 1, "iter": 250, "step": 250}
{"lr": 0.011991983967935849, "data_time": 0.015193972587585449, "loss": 0.21800068855285645, "loss_rpn_cls": 0.007490219874307513, "loss_rpn_bbox": 0.00794246290344745, "loss_cls": 0.09644682571291924, "acc": 96.56807708740234, "loss_bbox": 0.10612117901444434, "time": 76.42311955451966, "epoch": 1, "iter": 300, "step": 300}
{"lr": 0.01399398797595188, "data_time": 0.014832162857055664, "loss": 0.21787168145179747, "loss_rpn_cls": 0.006273297174484469, "loss_rpn_bbox": 0.007176902131177485, "loss_cls": 0.09629932068288326, "acc": 96.45647430419922, "loss_bbox": 0.10812216117978096, "time": 77.08221379756928, "epoch": 1, "iter": 350, "step": 350}
{"lr": 0.015995991983967908, "data_time": 0.01478987216949463, "loss": 0.2262454828619957, "loss_rpn_cls": 0.008308895730879158, "loss_rpn_bbox": 0.008705095634795726, "loss_cls": 0.09997454069554806, "acc": 94.30803680419922, "loss_bbox": 0.10925695113837719, "time": 77.7770385837555, "epoch": 1, "iter": 400, "step": 400}
{"lr": 0.01799799599198394, "data_time": 0.013544692993164062, "loss": 0.21828822344541549, "loss_rpn_cls": 0.007245883592404425, "loss_rpn_bbox": 0.008735325182788073, "loss_cls": 0.09603755071759223, "acc": 97.76785278320312, "loss_bbox": 0.10626946307718754, "time": 72.12775049209594, "epoch": 1, "iter": 450, "step": 450}
{"lr": 0.019999999999999952, "data_time": 0.0112503719329834, "loss": 0.2210477188229561, "loss_rpn_cls": 0.006442936476087197, "loss_rpn_bbox": 0.008596157794818282, "loss_cls": 0.10045321695506573, "acc": 96.51227569580078, "loss_bbox": 0.10555540636181832, "time": 70.4911559009552, "epoch": 1, "iter": 500, "step": 500}
{"lr": 0.019999999999999952, "data_time": 0.01388509750366211, "loss": 0.22614270746707915, "loss_rpn_cls": 0.007739698903169483, "loss_rpn_bbox": 0.00891587964259088, "loss_cls": 0.09921563193202018, "acc": 96.37276458740234, "loss_bbox": 0.11027149736881256, "time": 77.90094436645508, "epoch": 1, "iter": 550, "step": 550}
{"lr": 0.019999999999999952, "data_time": 0.012298126220703125, "loss": 0.21845722943544388, "loss_rpn_cls": 0.007710400685900822, "loss_rpn_bbox": 0.00777488243766129, "loss_cls": 0.09674100741744042, "acc": 94.97767639160156, "loss_bbox": 0.10623093813657761, "time": 72.53341786384583, "epoch": 1, "iter": 600, "step": 600}
{"lr": 0.019999999999999952, "data_time": 0.013282513618469239, "loss": 0.22153898298740388, "loss_rpn_cls": 0.007756132697686553, "loss_rpn_bbox": 0.008311137463897467, "loss_cls": 0.09976529911160469, "acc": 96.54017639160156, "loss_bbox": 0.10570641383528709, "time": 77.35617104053497, "epoch": 1, "iter": 650, "step": 650}
{"lr": 0.019999999999999952, "data_time": 0.012691688537597657, "loss": 0.215337356030941, "loss_rpn_cls": 0.008421758306212723, "loss_rpn_bbox": 0.008089751214720308, "loss_cls": 0.09510066166520119, "acc": 97.90736389160156, "loss_bbox": 0.10372518509626388, "time": 75.18447464942932, "epoch": 1, "iter": 700, "step": 700}
{"lr": 0.019999999999999952, "data_time": 0.010834898948669434, "loss": 0.21729604601860047, "loss_rpn_cls": 0.007216779990121722, "loss_rpn_bbox": 0.008056092453189194, "loss_cls": 0.09500927709043026, "acc": 97.09821319580078, "loss_bbox": 0.10701389595866204, "time": 67.71183824539185, "epoch": 1, "iter": 750, "step": 750}
{"lr": 0.019999999999999952, "data_time": 0.010622167587280273, "loss": 0.22270821183919906, "loss_rpn_cls": 0.007167807437945158, "loss_rpn_bbox": 0.008467177436687052, "loss_cls": 0.0967643440514803, "acc": 96.54017639160156, "loss_bbox": 0.11030888244509697, "time": 68.16601458072662, "epoch": 1, "iter": 800, "step": 800}
{"lr": 0.019999999999999952, "data_time": 0.01088343620300293, "loss": 0.22010484129190444, "loss_rpn_cls": 0.008172114070039243, "loss_rpn_bbox": 0.008152562384493649, "loss_cls": 0.09553675539791584, "acc": 95.73102569580078, "loss_bbox": 0.10824340835213661, "time": 68.28562582492829, "epoch": 1, "iter": 850, "step": 850}
{"lr": 0.019999999999999952, "data_time": 0.01007803440093994, "loss": 0.21213208138942719, "loss_rpn_cls": 0.008261849016416817, "loss_rpn_bbox": 0.008335981220006942, "loss_cls": 0.0948592820763588, "acc": 97.87946319580078, "loss_bbox": 0.100674968957901, "time": 67.29084849834442, "epoch": 1, "iter": 900, "step": 900}
{"lr": 0.019999999999999952, "data_time": 0.009851126670837403, "loss": 0.20659561663866044, "loss_rpn_cls": 0.007579623572528362, "loss_rpn_bbox": 0.008219516901299358, "loss_cls": 0.08958236716687679, "acc": 96.09375, "loss_bbox": 0.1012141092121601, "time": 66.65565041065216, "epoch": 1, "iter": 950, "step": 950}
{"lr": 0.019999999999999952, "data_time": 0.01007080078125, "loss": 0.21373413741588593, "loss_rpn_cls": 0.008193095540627837, "loss_rpn_bbox": 0.008106976803392172, "loss_cls": 0.09413287535309792, "acc": 97.18191528320312, "loss_bbox": 0.10330118879675865, "time": 64.60841973304748, "epoch": 1, "iter": 1000, "step": 1000}
{"lr": 0.019999999999999952, "data_time": 0.009766645431518554, "loss": 0.22241300240159034, "loss_rpn_cls": 0.008792522395960987, "loss_rpn_bbox": 0.008515617293305695, "loss_cls": 0.09890958927571773, "acc": 97.12611389160156, "loss_bbox": 0.10619527325034142, "time": 66.46329992294312, "epoch": 1, "iter": 1050, "step": 1050}
{"lr": 0.019999999999999952, "data_time": 0.01342104434967041, "loss": 0.2203354522585869, "loss_rpn_cls": 0.0073694932437501845, "loss_rpn_bbox": 0.007955357856117189, "loss_cls": 0.09767234198749065, "acc": 95.75892639160156, "loss_bbox": 0.10733825877308846, "time": 90.18318795204162, "epoch": 1, "iter": 1100, "step": 1100}
{"lr": 0.019999999999999952, "data_time": 0.013107795715332032, "loss": 0.2197779107093811, "loss_rpn_cls": 0.007895968770608306, "loss_rpn_bbox": 0.008277285341173411, "loss_cls": 0.09543390110135079, "acc": 95.3125, "loss_bbox": 0.10817075401544571, "time": 95.69952808856964, "epoch": 1, "iter": 1150, "step": 1150}
{"lr": 0.019999999999999952, "data_time": 0.012232403755187988, "loss": 0.22518180608749389, "loss_rpn_cls": 0.008901487165130674, "loss_rpn_bbox": 0.008632814651355148, "loss_cls": 0.09757336035370827, "acc": 96.79129028320312, "loss_bbox": 0.11007414534687995, "time": 77.9908668422699, "epoch": 1, "iter": 1200, "step": 1200}
{"lr": 0.019999999999999952, "data_time": 0.012624669075012206, "loss": 0.21877882212400437, "loss_rpn_cls": 0.006680258578853682, "loss_rpn_bbox": 0.00757890828885138,